{
  "search result" : {
    "transaction" : "search result",
    "sampleCount" : 1,
    "errorCount" : 0,
    "errorPct" : 0.0,
    "meanResTime" : 973.0,
    "medianResTime" : 973.0,
    "minResTime" : 973.0,
    "maxResTime" : 973.0,
    "pct1ResTime" : 973.0,
    "pct2ResTime" : 973.0,
    "pct3ResTime" : 973.0,
    "throughput" : 1.027749229188078,
    "receivedKBytesPerSec" : 8.038323805241522,
    "sentKBytesPerSec" : 0.4265560765673176
  },
  "search for bracelet" : {
    "transaction" : "search for bracelet",
    "sampleCount" : 1,
    "errorCount" : 0,
    "errorPct" : 0.0,
    "meanResTime" : 423.0,
    "medianResTime" : 423.0,
    "minResTime" : 423.0,
    "maxResTime" : 423.0,
    "pct1ResTime" : 423.0,
    "pct2ResTime" : 423.0,
    "pct3ResTime" : 423.0,
    "throughput" : 2.3640661938534278,
    "receivedKBytesPerSec" : 15.75890218676123,
    "sentKBytesPerSec" : 0.9350066489361702
  },
  "cart with bracelet-1" : {
    "transaction" : "cart with bracelet-1",
    "sampleCount" : 1,
    "errorCount" : 0,
    "errorPct" : 0.0,
    "meanResTime" : 2055.0,
    "medianResTime" : 2055.0,
    "minResTime" : 2055.0,
    "maxResTime" : 2055.0,
    "pct1ResTime" : 2055.0,
    "pct2ResTime" : 2055.0,
    "pct3ResTime" : 2055.0,
    "throughput" : 0.48661800486618007,
    "receivedKBytesPerSec" : 2.502946319951338,
    "sentKBytesPerSec" : 0.1957877128953771
  },
  "cart with bracelet-0" : {
    "transaction" : "cart with bracelet-0",
    "sampleCount" : 1,
    "errorCount" : 0,
    "errorPct" : 0.0,
    "meanResTime" : 256.0,
    "medianResTime" : 256.0,
    "minResTime" : 256.0,
    "maxResTime" : 256.0,
    "pct1ResTime" : 256.0,
    "pct2ResTime" : 256.0,
    "pct3ResTime" : 256.0,
    "throughput" : 3.90625,
    "receivedKBytesPerSec" : 5.43212890625,
    "sentKBytesPerSec" : 1.5716552734375
  },
  "Total" : {
    "transaction" : "Total",
    "sampleCount" : 7,
    "errorCount" : 0,
    "errorPct" : 0.0,
    "meanResTime" : 1049.5714285714287,
    "medianResTime" : 821.0,
    "minResTime" : 256.0,
    "maxResTime" : 2315.0,
    "pct1ResTime" : 2315.0,
    "pct2ResTime" : 2315.0,
    "pct3ResTime" : 2315.0,
    "throughput" : 1.385315654066891,
    "receivedKBytesPerSec" : 7.277932045319612,
    "sentKBytesPerSec" : 0.6828013679992084
  },
  "open site" : {
    "transaction" : "open site",
    "sampleCount" : 1,
    "errorCount" : 0,
    "errorPct" : 0.0,
    "meanResTime" : 821.0,
    "medianResTime" : 821.0,
    "minResTime" : 821.0,
    "maxResTime" : 821.0,
    "pct1ResTime" : 821.0,
    "pct2ResTime" : 821.0,
    "pct3ResTime" : 821.0,
    "throughput" : 1.2180267965895248,
    "receivedKBytesPerSec" : 8.802146772228989,
    "sentKBytesPerSec" : 0.41512827344701586
  },
  "add product to cart" : {
    "transaction" : "add product to cart",
    "sampleCount" : 1,
    "errorCount" : 0,
    "errorPct" : 0.0,
    "meanResTime" : 504.0,
    "medianResTime" : 504.0,
    "minResTime" : 504.0,
    "maxResTime" : 504.0,
    "pct1ResTime" : 504.0,
    "pct2ResTime" : 504.0,
    "pct3ResTime" : 504.0,
    "throughput" : 1.984126984126984,
    "receivedKBytesPerSec" : 3.9546906001984126,
    "sentKBytesPerSec" : 1.3679625496031746
  },
  "cart with bracelet" : {
    "transaction" : "cart with bracelet",
    "sampleCount" : 1,
    "errorCount" : 0,
    "errorPct" : 0.0,
    "meanResTime" : 2315.0,
    "medianResTime" : 2315.0,
    "minResTime" : 2315.0,
    "maxResTime" : 2315.0,
    "pct1ResTime" : 2315.0,
    "pct2ResTime" : 2315.0,
    "pct3ResTime" : 2315.0,
    "throughput" : 0.4319654427645788,
    "receivedKBytesPerSec" : 2.822539821814255,
    "sentKBytesPerSec" : 0.34759719222462204
  }
}